<annotation>
	<folder>dataset_PASCAL VOC</folder>
	<filename>cartoon224.jpg</filename>
	<path>F:\Cartoon Object Detection\dataset_PASCAL VOC\cartoon224.jpg</path>
	<source>
		<database>Unknown</database>
	</source>
	<size>
		<width>292</width>
		<height>173</height>
		<depth>3</depth>
	</size>
	<segmented>0</segmented>
	<object>
		<name>mcqueen</name>
		<pose>Unspecified</pose>
		<truncated>0</truncated>
		<difficult>0</difficult>
		<bndbox>
			<xmin>2</xmin>
			<ymin>52</ymin>
			<xmax>139</xmax>
			<ymax>137</ymax>
		</bndbox>
	</object>
</annotation>
