<annotation>
	<folder>dataset_PASCAL VOC</folder>
	<filename>cartoon8.jpg</filename>
	<path>F:\Cartoon Object Detection\dataset_PASCAL VOC\cartoon8.jpg</path>
	<source>
		<database>Unknown</database>
	</source>
	<size>
		<width>190</width>
		<height>265</height>
		<depth>3</depth>
	</size>
	<segmented>0</segmented>
	<object>
		<name>mickey</name>
		<pose>Unspecified</pose>
		<truncated>0</truncated>
		<difficult>0</difficult>
		<bndbox>
			<xmin>47</xmin>
			<ymin>31</ymin>
			<xmax>142</xmax>
			<ymax>210</ymax>
		</bndbox>
	</object>
</annotation>
