<annotation>
	<folder>dataset_PASCAL VOC</folder>
	<filename>cartoon130.jpg</filename>
	<path>F:\Cartoon Object Detection\dataset_PASCAL VOC\cartoon130.jpg</path>
	<source>
		<database>Unknown</database>
	</source>
	<size>
		<width>183</width>
		<height>275</height>
		<depth>3</depth>
	</size>
	<segmented>0</segmented>
	<object>
		<name>doraemon</name>
		<pose>Unspecified</pose>
		<truncated>0</truncated>
		<difficult>0</difficult>
		<bndbox>
			<xmin>7</xmin>
			<ymin>115</ymin>
			<xmax>103</xmax>
			<ymax>258</ymax>
		</bndbox>
	</object>
</annotation>
