<annotation>
	<folder>dataset_PASCAL VOC</folder>
	<filename>cartoon171.jpg</filename>
	<path>F:\Cartoon Object Detection\dataset_PASCAL VOC\cartoon171.jpg</path>
	<source>
		<database>Unknown</database>
	</source>
	<size>
		<width>300</width>
		<height>168</height>
		<depth>3</depth>
	</size>
	<segmented>0</segmented>
	<object>
		<name>doraemon</name>
		<pose>Unspecified</pose>
		<truncated>0</truncated>
		<difficult>0</difficult>
		<bndbox>
			<xmin>67</xmin>
			<ymin>21</ymin>
			<xmax>272</xmax>
			<ymax>163</ymax>
		</bndbox>
	</object>
</annotation>
