<annotation>
	<folder>dataset_PASCAL VOC</folder>
	<filename>cartoon144.jpg</filename>
	<path>F:\Cartoon Object Detection\dataset_PASCAL VOC\cartoon144.jpg</path>
	<source>
		<database>Unknown</database>
	</source>
	<size>
		<width>203</width>
		<height>248</height>
		<depth>3</depth>
	</size>
	<segmented>0</segmented>
	<object>
		<name>doraemon</name>
		<pose>Unspecified</pose>
		<truncated>0</truncated>
		<difficult>0</difficult>
		<bndbox>
			<xmin>5</xmin>
			<ymin>6</ymin>
			<xmax>200</xmax>
			<ymax>241</ymax>
		</bndbox>
	</object>
</annotation>
