<annotation>
	<folder>dataset_PASCAL VOC</folder>
	<filename>cartoon57.jpg</filename>
	<path>F:\Cartoon Object Detection\dataset_PASCAL VOC\cartoon57.jpg</path>
	<source>
		<database>Unknown</database>
	</source>
	<size>
		<width>236</width>
		<height>213</height>
		<depth>3</depth>
	</size>
	<segmented>0</segmented>
	<object>
		<name>doraemon</name>
		<pose>Unspecified</pose>
		<truncated>0</truncated>
		<difficult>0</difficult>
		<bndbox>
			<xmin>27</xmin>
			<ymin>71</ymin>
			<xmax>111</xmax>
			<ymax>182</ymax>
		</bndbox>
	</object>
</annotation>
