<annotation>
	<folder>dataset_PASCAL VOC</folder>
	<filename>cartoon29.jpg</filename>
	<path>F:\Cartoon Object Detection\dataset_PASCAL VOC\cartoon29.jpg</path>
	<source>
		<database>Unknown</database>
	</source>
	<size>
		<width>194</width>
		<height>260</height>
		<depth>3</depth>
	</size>
	<segmented>0</segmented>
	<object>
		<name>mickey</name>
		<pose>Unspecified</pose>
		<truncated>1</truncated>
		<difficult>0</difficult>
		<bndbox>
			<xmin>5</xmin>
			<ymin>86</ymin>
			<xmax>82</xmax>
			<ymax>260</ymax>
		</bndbox>
	</object>
</annotation>
