<annotation>
	<folder>dataset_PASCAL VOC</folder>
	<filename>cartoon155.jpg</filename>
	<path>F:\Cartoon Object Detection\dataset_PASCAL VOC\cartoon155.jpg</path>
	<source>
		<database>Unknown</database>
	</source>
	<size>
		<width>232</width>
		<height>217</height>
		<depth>3</depth>
	</size>
	<segmented>0</segmented>
	<object>
		<name>doraemon</name>
		<pose>Unspecified</pose>
		<truncated>1</truncated>
		<difficult>0</difficult>
		<bndbox>
			<xmin>35</xmin>
			<ymin>1</ymin>
			<xmax>198</xmax>
			<ymax>217</ymax>
		</bndbox>
	</object>
</annotation>
