<annotation>
	<folder>dataset_PASCAL VOC</folder>
	<filename>cartoon107.jpg</filename>
	<path>F:\Cartoon Object Detection\dataset_PASCAL VOC\cartoon107.jpg</path>
	<source>
		<database>Unknown</database>
	</source>
	<size>
		<width>193</width>
		<height>261</height>
		<depth>3</depth>
	</size>
	<segmented>0</segmented>
	<object>
		<name>mrbean</name>
		<pose>Unspecified</pose>
		<truncated>0</truncated>
		<difficult>0</difficult>
		<bndbox>
			<xmin>37</xmin>
			<ymin>11</ymin>
			<xmax>161</xmax>
			<ymax>248</ymax>
		</bndbox>
	</object>
</annotation>
