<annotation>
	<folder>dataset_PASCAL VOC</folder>
	<filename>cartoon181.jpg</filename>
	<path>F:\Cartoon Object Detection\dataset_PASCAL VOC\cartoon181.jpg</path>
	<source>
		<database>Unknown</database>
	</source>
	<size>
		<width>279</width>
		<height>181</height>
		<depth>3</depth>
	</size>
	<segmented>0</segmented>
	<object>
		<name>mcqueen</name>
		<pose>Unspecified</pose>
		<truncated>1</truncated>
		<difficult>0</difficult>
		<bndbox>
			<xmin>1</xmin>
			<ymin>1</ymin>
			<xmax>277</xmax>
			<ymax>172</ymax>
		</bndbox>
	</object>
</annotation>
