<annotation>
	<folder>dataset_PASCAL VOC</folder>
	<filename>cartoon22.jpg</filename>
	<path>F:\Cartoon Object Detection\dataset_PASCAL VOC\cartoon22.jpg</path>
	<source>
		<database>Unknown</database>
	</source>
	<size>
		<width>258</width>
		<height>195</height>
		<depth>3</depth>
	</size>
	<segmented>0</segmented>
	<object>
		<name>mickey</name>
		<pose>Unspecified</pose>
		<truncated>0</truncated>
		<difficult>0</difficult>
		<bndbox>
			<xmin>38</xmin>
			<ymin>3</ymin>
			<xmax>252</xmax>
			<ymax>191</ymax>
		</bndbox>
	</object>
</annotation>
