<annotation>
	<folder>dataset_PASCAL VOC</folder>
	<filename>cartoon166.jpg</filename>
	<path>F:\Cartoon Object Detection\dataset_PASCAL VOC\cartoon166.jpg</path>
	<source>
		<database>Unknown</database>
	</source>
	<size>
		<width>213</width>
		<height>237</height>
		<depth>3</depth>
	</size>
	<segmented>0</segmented>
	<object>
		<name>doraemon</name>
		<pose>Unspecified</pose>
		<truncated>1</truncated>
		<difficult>0</difficult>
		<bndbox>
			<xmin>2</xmin>
			<ymin>33</ymin>
			<xmax>211</xmax>
			<ymax>237</ymax>
		</bndbox>
	</object>
</annotation>
