<annotation>
	<folder>dataset_PASCAL VOC</folder>
	<filename>cartoon242.jpg</filename>
	<path>F:\Cartoon Object Detection\dataset_PASCAL VOC\cartoon242.jpg</path>
	<source>
		<database>Unknown</database>
	</source>
	<size>
		<width>185</width>
		<height>272</height>
		<depth>3</depth>
	</size>
	<segmented>0</segmented>
	<object>
		<name>mrbean</name>
		<pose>Unspecified</pose>
		<truncated>0</truncated>
		<difficult>0</difficult>
		<bndbox>
			<xmin>17</xmin>
			<ymin>69</ymin>
			<xmax>152</xmax>
			<ymax>222</ymax>
		</bndbox>
	</object>
</annotation>
