<annotation>
	<folder>dataset_PASCAL VOC</folder>
	<filename>cartoon203.jpg</filename>
	<path>F:\Cartoon Object Detection\dataset_PASCAL VOC\cartoon203.jpg</path>
	<source>
		<database>Unknown</database>
	</source>
	<size>
		<width>287</width>
		<height>176</height>
		<depth>3</depth>
	</size>
	<segmented>0</segmented>
	<object>
		<name>mcqueen</name>
		<pose>Unspecified</pose>
		<truncated>0</truncated>
		<difficult>0</difficult>
		<bndbox>
			<xmin>48</xmin>
			<ymin>40</ymin>
			<xmax>248</xmax>
			<ymax>168</ymax>
		</bndbox>
	</object>
</annotation>
