<annotation>
	<folder>dataset_PASCAL VOC</folder>
	<filename>cartoon245.jpg</filename>
	<path>F:\Cartoon Object Detection\dataset_PASCAL VOC\cartoon245.jpg</path>
	<source>
		<database>Unknown</database>
	</source>
	<size>
		<width>230</width>
		<height>219</height>
		<depth>3</depth>
	</size>
	<segmented>0</segmented>
	<object>
		<name>mickey</name>
		<pose>Unspecified</pose>
		<truncated>0</truncated>
		<difficult>0</difficult>
		<bndbox>
			<xmin>4</xmin>
			<ymin>8</ymin>
			<xmax>224</xmax>
			<ymax>211</ymax>
		</bndbox>
	</object>
</annotation>
