<annotation>
	<folder>dataset_PASCAL VOC</folder>
	<filename>cartoon101.jpg</filename>
	<path>F:\Cartoon Object Detection\dataset_PASCAL VOC\cartoon101.jpg</path>
	<source>
		<database>Unknown</database>
	</source>
	<size>
		<width>318</width>
		<height>159</height>
		<depth>3</depth>
	</size>
	<segmented>0</segmented>
	<object>
		<name>doraemon</name>
		<pose>Unspecified</pose>
		<truncated>1</truncated>
		<difficult>0</difficult>
		<bndbox>
			<xmin>119</xmin>
			<ymin>48</ymin>
			<xmax>202</xmax>
			<ymax>159</ymax>
		</bndbox>
	</object>
</annotation>
