<annotation>
	<folder>dataset_PASCAL VOC</folder>
	<filename>cartoon231.jpg</filename>
	<path>F:\Cartoon Object Detection\dataset_PASCAL VOC\cartoon231.jpg</path>
	<source>
		<database>Unknown</database>
	</source>
	<size>
		<width>225</width>
		<height>225</height>
		<depth>3</depth>
	</size>
	<segmented>0</segmented>
	<object>
		<name>mrbean</name>
		<pose>Unspecified</pose>
		<truncated>1</truncated>
		<difficult>0</difficult>
		<bndbox>
			<xmin>15</xmin>
			<ymin>5</ymin>
			<xmax>207</xmax>
			<ymax>225</ymax>
		</bndbox>
	</object>
</annotation>
