<annotation>
	<folder>dataset_PASCAL VOC</folder>
	<filename>cartoon99.jpg</filename>
	<path>F:\Cartoon Object Detection\dataset_PASCAL VOC\cartoon99.jpg</path>
	<source>
		<database>Unknown</database>
	</source>
	<size>
		<width>163</width>
		<height>310</height>
		<depth>3</depth>
	</size>
	<segmented>0</segmented>
	<object>
		<name>mrbean</name>
		<pose>Unspecified</pose>
		<truncated>1</truncated>
		<difficult>0</difficult>
		<bndbox>
			<xmin>1</xmin>
			<ymin>15</ymin>
			<xmax>163</xmax>
			<ymax>248</ymax>
		</bndbox>
	</object>
</annotation>
