<annotation>
	<folder>dataset_PASCAL VOC</folder>
	<filename>cartoon120.jpg</filename>
	<path>F:\Cartoon Object Detection\dataset_PASCAL VOC\cartoon120.jpg</path>
	<source>
		<database>Unknown</database>
	</source>
	<size>
		<width>236</width>
		<height>213</height>
		<depth>3</depth>
	</size>
	<segmented>0</segmented>
	<object>
		<name>mrbean</name>
		<pose>Unspecified</pose>
		<truncated>0</truncated>
		<difficult>0</difficult>
		<bndbox>
			<xmin>27</xmin>
			<ymin>20</ymin>
			<xmax>221</xmax>
			<ymax>207</ymax>
		</bndbox>
	</object>
</annotation>
