<annotation>
	<folder>dataset_PASCAL VOC</folder>
	<filename>cartoon156.jpg</filename>
	<path>F:\Cartoon Object Detection\dataset_PASCAL VOC\cartoon156.jpg</path>
	<source>
		<database>Unknown</database>
	</source>
	<size>
		<width>252</width>
		<height>200</height>
		<depth>3</depth>
	</size>
	<segmented>0</segmented>
	<object>
		<name>doraemon</name>
		<pose>Unspecified</pose>
		<truncated>0</truncated>
		<difficult>0</difficult>
		<bndbox>
			<xmin>130</xmin>
			<ymin>69</ymin>
			<xmax>194</xmax>
			<ymax>147</ymax>
		</bndbox>
	</object>
	<object>
		<name>doraemon</name>
		<pose>Unspecified</pose>
		<truncated>1</truncated>
		<difficult>0</difficult>
		<bndbox>
			<xmin>14</xmin>
			<ymin>168</ymin>
			<xmax>42</xmax>
			<ymax>200</ymax>
		</bndbox>
	</object>
	<object>
		<name>doraemon</name>
		<pose>Unspecified</pose>
		<truncated>1</truncated>
		<difficult>0</difficult>
		<bndbox>
			<xmin>169</xmin>
			<ymin>172</ymin>
			<xmax>197</xmax>
			<ymax>200</ymax>
		</bndbox>
	</object>
	<object>
		<name>doraemon</name>
		<pose>Unspecified</pose>
		<truncated>1</truncated>
		<difficult>0</difficult>
		<bndbox>
			<xmin>223</xmin>
			<ymin>49</ymin>
			<xmax>252</xmax>
			<ymax>84</ymax>
		</bndbox>
	</object>
	<object>
		<name>doraemon</name>
		<pose>Unspecified</pose>
		<truncated>0</truncated>
		<difficult>0</difficult>
		<bndbox>
			<xmin>10</xmin>
			<ymin>13</ymin>
			<xmax>35</xmax>
			<ymax>49</ymax>
		</bndbox>
	</object>
</annotation>
