<annotation>
	<folder>dataset_PASCAL VOC</folder>
	<filename>cartoon93.jpg</filename>
	<path>F:\Cartoon Object Detection\dataset_PASCAL VOC\cartoon93.jpg</path>
	<source>
		<database>Unknown</database>
	</source>
	<size>
		<width>194</width>
		<height>259</height>
		<depth>3</depth>
	</size>
	<segmented>0</segmented>
	<object>
		<name>mrbean</name>
		<pose>Unspecified</pose>
		<truncated>0</truncated>
		<difficult>0</difficult>
		<bndbox>
			<xmin>53</xmin>
			<ymin>54</ymin>
			<xmax>137</xmax>
			<ymax>177</ymax>
		</bndbox>
	</object>
</annotation>
