<annotation>
	<folder>dataset_PASCAL VOC</folder>
	<filename>cartoon73.jpg</filename>
	<path>F:\Cartoon Object Detection\dataset_PASCAL VOC\cartoon73.jpg</path>
	<source>
		<database>Unknown</database>
	</source>
	<size>
		<width>246</width>
		<height>205</height>
		<depth>3</depth>
	</size>
	<segmented>0</segmented>
	<object>
		<name>scooby</name>
		<pose>Unspecified</pose>
		<truncated>0</truncated>
		<difficult>0</difficult>
		<bndbox>
			<xmin>6</xmin>
			<ymin>16</ymin>
			<xmax>210</xmax>
			<ymax>183</ymax>
		</bndbox>
	</object>
</annotation>
