<annotation>
	<folder>dataset_PASCAL VOC</folder>
	<filename>cartoon6.jpg</filename>
	<path>F:\Cartoon Object Detection\dataset_PASCAL VOC\cartoon6.jpg</path>
	<source>
		<database>Unknown</database>
	</source>
	<size>
		<width>196</width>
		<height>257</height>
		<depth>3</depth>
	</size>
	<segmented>0</segmented>
	<object>
		<name>mickey</name>
		<pose>Unspecified</pose>
		<truncated>1</truncated>
		<difficult>0</difficult>
		<bndbox>
			<xmin>17</xmin>
			<ymin>1</ymin>
			<xmax>193</xmax>
			<ymax>250</ymax>
		</bndbox>
	</object>
</annotation>
