<annotation>
	<folder>dataset_PASCAL VOC</folder>
	<filename>cartoon19.jpg</filename>
	<path>F:\Cartoon Object Detection\dataset_PASCAL VOC\cartoon19.jpg</path>
	<source>
		<database>Unknown</database>
	</source>
	<size>
		<width>212</width>
		<height>238</height>
		<depth>3</depth>
	</size>
	<segmented>0</segmented>
	<object>
		<name>mickey</name>
		<pose>Unspecified</pose>
		<truncated>1</truncated>
		<difficult>0</difficult>
		<bndbox>
			<xmin>5</xmin>
			<ymin>2</ymin>
			<xmax>210</xmax>
			<ymax>238</ymax>
		</bndbox>
	</object>
</annotation>
