<annotation>
	<folder>dataset_PASCAL VOC</folder>
	<filename>cartoon154.jpg</filename>
	<path>F:\Cartoon Object Detection\dataset_PASCAL VOC\cartoon154.jpg</path>
	<source>
		<database>Unknown</database>
	</source>
	<size>
		<width>190</width>
		<height>266</height>
		<depth>3</depth>
	</size>
	<segmented>0</segmented>
	<object>
		<name>doraemon</name>
		<pose>Unspecified</pose>
		<truncated>0</truncated>
		<difficult>0</difficult>
		<bndbox>
			<xmin>41</xmin>
			<ymin>82</ymin>
			<xmax>119</xmax>
			<ymax>193</ymax>
		</bndbox>
	</object>
</annotation>
