<annotation>
	<folder>dataset_PASCAL VOC</folder>
	<filename>cartoon122.jpg</filename>
	<path>F:\Cartoon Object Detection\dataset_PASCAL VOC\cartoon122.jpg</path>
	<source>
		<database>Unknown</database>
	</source>
	<size>
		<width>188</width>
		<height>268</height>
		<depth>3</depth>
	</size>
	<segmented>0</segmented>
	<object>
		<name>mrbean</name>
		<pose>Unspecified</pose>
		<truncated>1</truncated>
		<difficult>0</difficult>
		<bndbox>
			<xmin>58</xmin>
			<ymin>67</ymin>
			<xmax>180</xmax>
			<ymax>268</ymax>
		</bndbox>
	</object>
</annotation>
