<annotation>
	<folder>dataset_PASCAL VOC</folder>
	<filename>cartoon161.jpg</filename>
	<path>F:\Cartoon Object Detection\dataset_PASCAL VOC\cartoon161.jpg</path>
	<source>
		<database>Unknown</database>
	</source>
	<size>
		<width>240</width>
		<height>210</height>
		<depth>3</depth>
	</size>
	<segmented>0</segmented>
	<object>
		<name>doraemon</name>
		<pose>Unspecified</pose>
		<truncated>0</truncated>
		<difficult>0</difficult>
		<bndbox>
			<xmin>56</xmin>
			<ymin>60</ymin>
			<xmax>172</xmax>
			<ymax>208</ymax>
		</bndbox>
	</object>
</annotation>
