<annotation>
	<folder>dataset_PASCAL VOC</folder>
	<filename>cartoon158.jpg</filename>
	<path>F:\Cartoon Object Detection\dataset_PASCAL VOC\cartoon158.jpg</path>
	<source>
		<database>Unknown</database>
	</source>
	<size>
		<width>218</width>
		<height>231</height>
		<depth>3</depth>
	</size>
	<segmented>0</segmented>
	<object>
		<name>doraemon</name>
		<pose>Unspecified</pose>
		<truncated>0</truncated>
		<difficult>0</difficult>
		<bndbox>
			<xmin>34</xmin>
			<ymin>9</ymin>
			<xmax>186</xmax>
			<ymax>208</ymax>
		</bndbox>
	</object>
</annotation>
