<annotation>
	<folder>dataset_PASCAL VOC</folder>
	<filename>cartoon26.jpg</filename>
	<path>F:\Cartoon Object Detection\dataset_PASCAL VOC\cartoon26.jpg</path>
	<source>
		<database>Unknown</database>
	</source>
	<size>
		<width>259</width>
		<height>194</height>
		<depth>3</depth>
	</size>
	<segmented>0</segmented>
	<object>
		<name>mrbean</name>
		<pose>Unspecified</pose>
		<truncated>1</truncated>
		<difficult>0</difficult>
		<bndbox>
			<xmin>5</xmin>
			<ymin>13</ymin>
			<xmax>142</xmax>
			<ymax>194</ymax>
		</bndbox>
	</object>
</annotation>
