<annotation>
	<folder>dataset_PASCAL VOC</folder>
	<filename>cartoon83.jpg</filename>
	<path>F:\Cartoon Object Detection\dataset_PASCAL VOC\cartoon83.jpg</path>
	<source>
		<database>Unknown</database>
	</source>
	<size>
		<width>179</width>
		<height>281</height>
		<depth>3</depth>
	</size>
	<segmented>0</segmented>
	<object>
		<name>scooby</name>
		<pose>Unspecified</pose>
		<truncated>0</truncated>
		<difficult>0</difficult>
		<bndbox>
			<xmin>19</xmin>
			<ymin>2</ymin>
			<xmax>165</xmax>
			<ymax>277</ymax>
		</bndbox>
	</object>
</annotation>
