<annotation>
	<folder>dataset_PASCAL VOC</folder>
	<filename>cartoon145.jpg</filename>
	<path>F:\Cartoon Object Detection\dataset_PASCAL VOC\cartoon145.jpg</path>
	<source>
		<database>Unknown</database>
	</source>
	<size>
		<width>275</width>
		<height>183</height>
		<depth>3</depth>
	</size>
	<segmented>0</segmented>
	<object>
		<name>doraemon</name>
		<pose>Unspecified</pose>
		<truncated>0</truncated>
		<difficult>0</difficult>
		<bndbox>
			<xmin>129</xmin>
			<ymin>63</ymin>
			<xmax>251</xmax>
			<ymax>177</ymax>
		</bndbox>
	</object>
</annotation>
