<annotation>
	<folder>dataset_PASCAL VOC</folder>
	<filename>cartoon174.jpg</filename>
	<path>F:\Cartoon Object Detection\dataset_PASCAL VOC\cartoon174.jpg</path>
	<source>
		<database>Unknown</database>
	</source>
	<size>
		<width>226</width>
		<height>223</height>
		<depth>3</depth>
	</size>
	<segmented>0</segmented>
	<object>
		<name>mcqueen</name>
		<pose>Unspecified</pose>
		<truncated>1</truncated>
		<difficult>0</difficult>
		<bndbox>
			<xmin>1</xmin>
			<ymin>35</ymin>
			<xmax>225</xmax>
			<ymax>185</ymax>
		</bndbox>
	</object>
</annotation>
