<annotation>
	<folder>dataset_PASCAL VOC</folder>
	<filename>cartoon121.jpg</filename>
	<path>F:\Cartoon Object Detection\dataset_PASCAL VOC\cartoon121.jpg</path>
	<source>
		<database>Unknown</database>
	</source>
	<size>
		<width>259</width>
		<height>194</height>
		<depth>3</depth>
	</size>
	<segmented>0</segmented>
	<object>
		<name>mrbean</name>
		<pose>Unspecified</pose>
		<truncated>0</truncated>
		<difficult>0</difficult>
		<bndbox>
			<xmin>112</xmin>
			<ymin>24</ymin>
			<xmax>220</xmax>
			<ymax>170</ymax>
		</bndbox>
	</object>
</annotation>
