<annotation>
	<folder>dataset_PASCAL VOC</folder>
	<filename>cartoon194.jpg</filename>
	<path>F:\Cartoon Object Detection\dataset_PASCAL VOC\cartoon194.jpg</path>
	<source>
		<database>Unknown</database>
	</source>
	<size>
		<width>263</width>
		<height>192</height>
		<depth>3</depth>
	</size>
	<segmented>0</segmented>
	<object>
		<name>mcqueen</name>
		<pose>Unspecified</pose>
		<truncated>0</truncated>
		<difficult>0</difficult>
		<bndbox>
			<xmin>6</xmin>
			<ymin>4</ymin>
			<xmax>258</xmax>
			<ymax>190</ymax>
		</bndbox>
	</object>
</annotation>
