<annotation>
	<folder>dataset_PASCAL VOC</folder>
	<filename>cartoon46.jpg</filename>
	<path>F:\Cartoon Object Detection\dataset_PASCAL VOC\cartoon46.jpg</path>
	<source>
		<database>Unknown</database>
	</source>
	<size>
		<width>303</width>
		<height>166</height>
		<depth>3</depth>
	</size>
	<segmented>0</segmented>
	<object>
		<name>doraemon</name>
		<pose>Unspecified</pose>
		<truncated>0</truncated>
		<difficult>0</difficult>
		<bndbox>
			<xmin>189</xmin>
			<ymin>14</ymin>
			<xmax>283</xmax>
			<ymax>135</ymax>
		</bndbox>
	</object>
</annotation>
