<annotation>
	<folder>dataset_PASCAL VOC</folder>
	<filename>cartoon84.jpg</filename>
	<path>F:\Cartoon Object Detection\dataset_PASCAL VOC\cartoon84.jpg</path>
	<source>
		<database>Unknown</database>
	</source>
	<size>
		<width>312</width>
		<height>162</height>
		<depth>3</depth>
	</size>
	<segmented>0</segmented>
	<object>
		<name>scooby</name>
		<pose>Unspecified</pose>
		<truncated>1</truncated>
		<difficult>0</difficult>
		<bndbox>
			<xmin>33</xmin>
			<ymin>7</ymin>
			<xmax>259</xmax>
			<ymax>162</ymax>
		</bndbox>
	</object>
</annotation>
