<annotation>
	<folder>dataset_PASCAL VOC</folder>
	<filename>cartoon228.jpg</filename>
	<path>F:\Cartoon Object Detection\dataset_PASCAL VOC\cartoon228.jpg</path>
	<source>
		<database>Unknown</database>
	</source>
	<size>
		<width>275</width>
		<height>184</height>
		<depth>3</depth>
	</size>
	<segmented>0</segmented>
	<object>
		<name>mcqueen</name>
		<pose>Unspecified</pose>
		<truncated>1</truncated>
		<difficult>0</difficult>
		<bndbox>
			<xmin>19</xmin>
			<ymin>19</ymin>
			<xmax>275</xmax>
			<ymax>177</ymax>
		</bndbox>
	</object>
</annotation>
