<annotation>
	<folder>dataset_PASCAL VOC</folder>
	<filename>cartoon215.jpg</filename>
	<path>F:\Cartoon Object Detection\dataset_PASCAL VOC\cartoon215.jpg</path>
	<source>
		<database>Unknown</database>
	</source>
	<size>
		<width>227</width>
		<height>222</height>
		<depth>3</depth>
	</size>
	<segmented>0</segmented>
	<object>
		<name>mcqueen</name>
		<pose>Unspecified</pose>
		<truncated>0</truncated>
		<difficult>0</difficult>
		<bndbox>
			<xmin>41</xmin>
			<ymin>60</ymin>
			<xmax>216</xmax>
			<ymax>176</ymax>
		</bndbox>
	</object>
</annotation>
