<annotation>
	<folder>dataset_PASCAL VOC</folder>
	<filename>cartoon220.jpg</filename>
	<path>F:\Cartoon Object Detection\dataset_PASCAL VOC\cartoon220.jpg</path>
	<source>
		<database>Unknown</database>
	</source>
	<size>
		<width>313</width>
		<height>161</height>
		<depth>3</depth>
	</size>
	<segmented>0</segmented>
	<object>
		<name>mcqueen</name>
		<pose>Unspecified</pose>
		<truncated>0</truncated>
		<difficult>0</difficult>
		<bndbox>
			<xmin>7</xmin>
			<ymin>2</ymin>
			<xmax>302</xmax>
			<ymax>153</ymax>
		</bndbox>
	</object>
</annotation>
