<annotation>
	<folder>dataset_PASCAL VOC</folder>
	<filename>cartoon146.jpg</filename>
	<path>F:\Cartoon Object Detection\dataset_PASCAL VOC\cartoon146.jpg</path>
	<source>
		<database>Unknown</database>
	</source>
	<size>
		<width>289</width>
		<height>175</height>
		<depth>3</depth>
	</size>
	<segmented>0</segmented>
	<object>
		<name>mcqueen</name>
		<pose>Unspecified</pose>
		<truncated>0</truncated>
		<difficult>0</difficult>
		<bndbox>
			<xmin>14</xmin>
			<ymin>37</ymin>
			<xmax>232</xmax>
			<ymax>162</ymax>
		</bndbox>
	</object>
</annotation>
