<annotation>
	<folder>dataset_PASCAL VOC</folder>
	<filename>cartoon76.jpg</filename>
	<path>F:\Cartoon Object Detection\dataset_PASCAL VOC\cartoon76.jpg</path>
	<source>
		<database>Unknown</database>
	</source>
	<size>
		<width>207</width>
		<height>243</height>
		<depth>3</depth>
	</size>
	<segmented>0</segmented>
	<object>
		<name>scooby</name>
		<pose>Unspecified</pose>
		<truncated>0</truncated>
		<difficult>0</difficult>
		<bndbox>
			<xmin>43</xmin>
			<ymin>14</ymin>
			<xmax>172</xmax>
			<ymax>233</ymax>
		</bndbox>
	</object>
</annotation>
