<annotation>
	<folder>dataset_PASCAL VOC</folder>
	<filename>cartoon151.jpg</filename>
	<path>F:\Cartoon Object Detection\dataset_PASCAL VOC\cartoon151.jpg</path>
	<source>
		<database>Unknown</database>
	</source>
	<size>
		<width>268</width>
		<height>188</height>
		<depth>3</depth>
	</size>
	<segmented>0</segmented>
	<object>
		<name>doraemon</name>
		<pose>Unspecified</pose>
		<truncated>0</truncated>
		<difficult>0</difficult>
		<bndbox>
			<xmin>83</xmin>
			<ymin>31</ymin>
			<xmax>194</xmax>
			<ymax>142</ymax>
		</bndbox>
	</object>
</annotation>
