<annotation>
	<folder>dataset_PASCAL VOC</folder>
	<filename>cartoon68.jpg</filename>
	<path>F:\Cartoon Object Detection\dataset_PASCAL VOC\cartoon68.jpg</path>
	<source>
		<database>Unknown</database>
	</source>
	<size>
		<width>276</width>
		<height>183</height>
		<depth>3</depth>
	</size>
	<segmented>0</segmented>
	<object>
		<name>doraemon</name>
		<pose>Unspecified</pose>
		<truncated>0</truncated>
		<difficult>0</difficult>
		<bndbox>
			<xmin>128</xmin>
			<ymin>56</ymin>
			<xmax>230</xmax>
			<ymax>179</ymax>
		</bndbox>
	</object>
</annotation>
