<annotation>
	<folder>dataset_PASCAL VOC</folder>
	<filename>cartoon182.jpg</filename>
	<path>F:\Cartoon Object Detection\dataset_PASCAL VOC\cartoon182.jpg</path>
	<source>
		<database>Unknown</database>
	</source>
	<size>
		<width>276</width>
		<height>183</height>
		<depth>3</depth>
	</size>
	<segmented>0</segmented>
	<object>
		<name>mcqueen</name>
		<pose>Unspecified</pose>
		<truncated>0</truncated>
		<difficult>0</difficult>
		<bndbox>
			<xmin>97</xmin>
			<ymin>71</ymin>
			<xmax>258</xmax>
			<ymax>165</ymax>
		</bndbox>
	</object>
</annotation>
