<annotation>
	<folder>dataset_PASCAL VOC</folder>
	<filename>cartoon124.jpg</filename>
	<path>F:\Cartoon Object Detection\dataset_PASCAL VOC\cartoon124.jpg</path>
	<source>
		<database>Unknown</database>
	</source>
	<size>
		<width>206</width>
		<height>245</height>
		<depth>3</depth>
	</size>
	<segmented>0</segmented>
	<object>
		<name>doraemon</name>
		<pose>Unspecified</pose>
		<truncated>1</truncated>
		<difficult>0</difficult>
		<bndbox>
			<xmin>1</xmin>
			<ymin>1</ymin>
			<xmax>206</xmax>
			<ymax>245</ymax>
		</bndbox>
	</object>
</annotation>
