<annotation>
	<folder>dataset_PASCAL VOC</folder>
	<filename>cartoon119.jpg</filename>
	<path>F:\Cartoon Object Detection\dataset_PASCAL VOC\cartoon119.jpg</path>
	<source>
		<database>Unknown</database>
	</source>
	<size>
		<width>225</width>
		<height>225</height>
		<depth>3</depth>
	</size>
	<segmented>0</segmented>
	<object>
		<name>mrbean</name>
		<pose>Unspecified</pose>
		<truncated>0</truncated>
		<difficult>0</difficult>
		<bndbox>
			<xmin>57</xmin>
			<ymin>73</ymin>
			<xmax>153</xmax>
			<ymax>198</ymax>
		</bndbox>
	</object>
	<object>
		<name>mrbean</name>
		<pose>Unspecified</pose>
		<truncated>0</truncated>
		<difficult>0</difficult>
		<bndbox>
			<xmin>5</xmin>
			<ymin>69</ymin>
			<xmax>41</xmax>
			<ymax>108</ymax>
		</bndbox>
	</object>
</annotation>
