<annotation>
	<folder>dataset_PASCAL VOC</folder>
	<filename>cartoon192.jpg</filename>
	<path>F:\Cartoon Object Detection\dataset_PASCAL VOC\cartoon192.jpg</path>
	<source>
		<database>Unknown</database>
	</source>
	<size>
		<width>217</width>
		<height>232</height>
		<depth>3</depth>
	</size>
	<segmented>0</segmented>
	<object>
		<name>mcqueen</name>
		<pose>Unspecified</pose>
		<truncated>0</truncated>
		<difficult>0</difficult>
		<bndbox>
			<xmin>7</xmin>
			<ymin>63</ymin>
			<xmax>211</xmax>
			<ymax>166</ymax>
		</bndbox>
	</object>
</annotation>
