<annotation>
	<folder>dataset_PASCAL VOC</folder>
	<filename>cartoon132.jpg</filename>
	<path>F:\Cartoon Object Detection\dataset_PASCAL VOC\cartoon132.jpg</path>
	<source>
		<database>Unknown</database>
	</source>
	<size>
		<width>100</width>
		<height>100</height>
		<depth>3</depth>
	</size>
	<segmented>0</segmented>
	<object>
		<name>doraemon</name>
		<pose>Unspecified</pose>
		<truncated>1</truncated>
		<difficult>0</difficult>
		<bndbox>
			<xmin>1</xmin>
			<ymin>1</ymin>
			<xmax>99</xmax>
			<ymax>99</ymax>
		</bndbox>
	</object>
</annotation>
