<annotation>
	<folder>dataset_PASCAL VOC</folder>
	<filename>cartoon143.jpg</filename>
	<path>F:\Cartoon Object Detection\dataset_PASCAL VOC\cartoon143.jpg</path>
	<source>
		<database>Unknown</database>
	</source>
	<size>
		<width>196</width>
		<height>258</height>
		<depth>3</depth>
	</size>
	<segmented>0</segmented>
	<object>
		<name>doraemon</name>
		<pose>Unspecified</pose>
		<truncated>0</truncated>
		<difficult>0</difficult>
		<bndbox>
			<xmin>12</xmin>
			<ymin>70</ymin>
			<xmax>150</xmax>
			<ymax>257</ymax>
		</bndbox>
	</object>
</annotation>
