<annotation>
	<folder>dataset_PASCAL VOC</folder>
	<filename>cartoon113.jpg</filename>
	<path>F:\Cartoon Object Detection\dataset_PASCAL VOC\cartoon113.jpg</path>
	<source>
		<database>Unknown</database>
	</source>
	<size>
		<width>272</width>
		<height>185</height>
		<depth>3</depth>
	</size>
	<segmented>0</segmented>
	<object>
		<name>doraemon</name>
		<pose>Unspecified</pose>
		<truncated>0</truncated>
		<difficult>0</difficult>
		<bndbox>
			<xmin>102</xmin>
			<ymin>75</ymin>
			<xmax>179</xmax>
			<ymax>180</ymax>
		</bndbox>
	</object>
</annotation>
