<annotation>
	<folder>dataset_PASCAL VOC</folder>
	<filename>cartoon30.jpg</filename>
	<path>F:\Cartoon Object Detection\dataset_PASCAL VOC\cartoon30.jpg</path>
	<source>
		<database>Unknown</database>
	</source>
	<size>
		<width>194</width>
		<height>259</height>
		<depth>3</depth>
	</size>
	<segmented>0</segmented>
	<object>
		<name>mickey</name>
		<pose>Unspecified</pose>
		<truncated>0</truncated>
		<difficult>0</difficult>
		<bndbox>
			<xmin>28</xmin>
			<ymin>20</ymin>
			<xmax>167</xmax>
			<ymax>247</ymax>
		</bndbox>
	</object>
</annotation>
