<annotation>
	<folder>dataset_PASCAL VOC</folder>
	<filename>cartoon200.jpg</filename>
	<path>F:\Cartoon Object Detection\dataset_PASCAL VOC\cartoon200.jpg</path>
	<source>
		<database>Unknown</database>
	</source>
	<size>
		<width>284</width>
		<height>177</height>
		<depth>3</depth>
	</size>
	<segmented>0</segmented>
	<object>
		<name>mcqueen</name>
		<pose>Unspecified</pose>
		<truncated>0</truncated>
		<difficult>0</difficult>
		<bndbox>
			<xmin>14</xmin>
			<ymin>14</ymin>
			<xmax>270</xmax>
			<ymax>150</ymax>
		</bndbox>
	</object>
</annotation>
