<annotation>
	<folder>dataset_PASCAL VOC</folder>
	<filename>cartoon2.jpg</filename>
	<path>F:\Cartoon Object Detection\dataset_PASCAL VOC\cartoon2.jpg</path>
	<source>
		<database>Unknown</database>
	</source>
	<size>
		<width>325</width>
		<height>155</height>
		<depth>3</depth>
	</size>
	<segmented>0</segmented>
	<object>
		<name>doraemon</name>
		<pose>Unspecified</pose>
		<truncated>0</truncated>
		<difficult>0</difficult>
		<bndbox>
			<xmin>142</xmin>
			<ymin>23</ymin>
			<xmax>286</xmax>
			<ymax>126</ymax>
		</bndbox>
	</object>
</annotation>
