<annotation>
	<folder>dataset_PASCAL VOC</folder>
	<filename>cartoon82.jpg</filename>
	<path>F:\Cartoon Object Detection\dataset_PASCAL VOC\cartoon82.jpg</path>
	<source>
		<database>Unknown</database>
	</source>
	<size>
		<width>300</width>
		<height>168</height>
		<depth>3</depth>
	</size>
	<segmented>0</segmented>
	<object>
		<name>scooby</name>
		<pose>Unspecified</pose>
		<truncated>1</truncated>
		<difficult>0</difficult>
		<bndbox>
			<xmin>171</xmin>
			<ymin>12</ymin>
			<xmax>300</xmax>
			<ymax>168</ymax>
		</bndbox>
	</object>
	<object>
		<name>scooby</name>
		<pose>Unspecified</pose>
		<truncated>1</truncated>
		<difficult>0</difficult>
		<bndbox>
			<xmin>116</xmin>
			<ymin>82</ymin>
			<xmax>174</xmax>
			<ymax>168</ymax>
		</bndbox>
	</object>
</annotation>
