<annotation>
	<folder>dataset_PASCAL VOC</folder>
	<filename>cartoon137.jpg</filename>
	<path>F:\Cartoon Object Detection\dataset_PASCAL VOC\cartoon137.jpg</path>
	<source>
		<database>Unknown</database>
	</source>
	<size>
		<width>251</width>
		<height>201</height>
		<depth>3</depth>
	</size>
	<segmented>0</segmented>
	<object>
		<name>doraemon</name>
		<pose>Unspecified</pose>
		<truncated>0</truncated>
		<difficult>0</difficult>
		<bndbox>
			<xmin>86</xmin>
			<ymin>22</ymin>
			<xmax>169</xmax>
			<ymax>119</ymax>
		</bndbox>
	</object>
</annotation>
