<annotation>
	<folder>dataset_PASCAL VOC</folder>
	<filename>cartoon234.jpg</filename>
	<path>F:\Cartoon Object Detection\dataset_PASCAL VOC\cartoon234.jpg</path>
	<source>
		<database>Unknown</database>
	</source>
	<size>
		<width>290</width>
		<height>174</height>
		<depth>3</depth>
	</size>
	<segmented>0</segmented>
	<object>
		<name>mcqueen</name>
		<pose>Unspecified</pose>
		<truncated>0</truncated>
		<difficult>0</difficult>
		<bndbox>
			<xmin>70</xmin>
			<ymin>49</ymin>
			<xmax>224</xmax>
			<ymax>155</ymax>
		</bndbox>
	</object>
</annotation>
