<annotation>
	<folder>dataset_PASCAL VOC</folder>
	<filename>cartoon193.jpg</filename>
	<path>F:\Cartoon Object Detection\dataset_PASCAL VOC\cartoon193.jpg</path>
	<source>
		<database>Unknown</database>
	</source>
	<size>
		<width>286</width>
		<height>176</height>
		<depth>3</depth>
	</size>
	<segmented>0</segmented>
	<object>
		<name>mcqueen</name>
		<pose>Unspecified</pose>
		<truncated>0</truncated>
		<difficult>0</difficult>
		<bndbox>
			<xmin>37</xmin>
			<ymin>18</ymin>
			<xmax>252</xmax>
			<ymax>164</ymax>
		</bndbox>
	</object>
</annotation>
