<annotation>
	<folder>dataset_PASCAL VOC</folder>
	<filename>cartoon176.jpg</filename>
	<path>F:\Cartoon Object Detection\dataset_PASCAL VOC\cartoon176.jpg</path>
	<source>
		<database>Unknown</database>
	</source>
	<size>
		<width>254</width>
		<height>199</height>
		<depth>3</depth>
	</size>
	<segmented>0</segmented>
	<object>
		<name>mcqueen</name>
		<pose>Unspecified</pose>
		<truncated>0</truncated>
		<difficult>0</difficult>
		<bndbox>
			<xmin>46</xmin>
			<ymin>49</ymin>
			<xmax>228</xmax>
			<ymax>165</ymax>
		</bndbox>
	</object>
</annotation>
