<annotation>
	<folder>dataset_PASCAL VOC</folder>
	<filename>cartoon198.jpg</filename>
	<path>F:\Cartoon Object Detection\dataset_PASCAL VOC\cartoon198.jpg</path>
	<source>
		<database>Unknown</database>
	</source>
	<size>
		<width>311</width>
		<height>162</height>
		<depth>3</depth>
	</size>
	<segmented>0</segmented>
	<object>
		<name>mcqueen</name>
		<pose>Unspecified</pose>
		<truncated>0</truncated>
		<difficult>0</difficult>
		<bndbox>
			<xmin>82</xmin>
			<ymin>34</ymin>
			<xmax>274</xmax>
			<ymax>156</ymax>
		</bndbox>
	</object>
</annotation>
