<annotation>
	<folder>dataset_PASCAL VOC</folder>
	<filename>cartoon114.jpg</filename>
	<path>F:\Cartoon Object Detection\dataset_PASCAL VOC\cartoon114.jpg</path>
	<source>
		<database>Unknown</database>
	</source>
	<size>
		<width>224</width>
		<height>224</height>
		<depth>3</depth>
	</size>
	<segmented>0</segmented>
	<object>
		<name>mrbean</name>
		<pose>Unspecified</pose>
		<truncated>0</truncated>
		<difficult>0</difficult>
		<bndbox>
			<xmin>47</xmin>
			<ymin>47</ymin>
			<xmax>175</xmax>
			<ymax>159</ymax>
		</bndbox>
	</object>
</annotation>
