<annotation>
	<folder>dataset_PASCAL VOC</folder>
	<filename>cartoon15.jpg</filename>
	<path>F:\Cartoon Object Detection\dataset_PASCAL VOC\cartoon15.jpg</path>
	<source>
		<database>Unknown</database>
	</source>
	<size>
		<width>300</width>
		<height>168</height>
		<depth>3</depth>
	</size>
	<segmented>0</segmented>
	<object>
		<name>mrbean</name>
		<pose>Unspecified</pose>
		<truncated>0</truncated>
		<difficult>0</difficult>
		<bndbox>
			<xmin>60</xmin>
			<ymin>17</ymin>
			<xmax>193</xmax>
			<ymax>135</ymax>
		</bndbox>
	</object>
</annotation>
