<annotation>
	<folder>dataset_PASCAL VOC</folder>
	<filename>cartoon164.jpg</filename>
	<path>F:\Cartoon Object Detection\dataset_PASCAL VOC\cartoon164.jpg</path>
	<source>
		<database>Unknown</database>
	</source>
	<size>
		<width>267</width>
		<height>189</height>
		<depth>3</depth>
	</size>
	<segmented>0</segmented>
	<object>
		<name>doraemon</name>
		<pose>Unspecified</pose>
		<truncated>1</truncated>
		<difficult>0</difficult>
		<bndbox>
			<xmin>196</xmin>
			<ymin>44</ymin>
			<xmax>267</xmax>
			<ymax>156</ymax>
		</bndbox>
	</object>
</annotation>
