<annotation>
	<folder>dataset_PASCAL VOC</folder>
	<filename>cartoon78.jpg</filename>
	<path>F:\Cartoon Object Detection\dataset_PASCAL VOC\cartoon78.jpg</path>
	<source>
		<database>Unknown</database>
	</source>
	<size>
		<width>201</width>
		<height>251</height>
		<depth>3</depth>
	</size>
	<segmented>0</segmented>
	<object>
		<name>scooby</name>
		<pose>Unspecified</pose>
		<truncated>1</truncated>
		<difficult>0</difficult>
		<bndbox>
			<xmin>31</xmin>
			<ymin>15</ymin>
			<xmax>173</xmax>
			<ymax>251</ymax>
		</bndbox>
	</object>
</annotation>
