<annotation>
	<folder>dataset_PASCAL VOC</folder>
	<filename>cartoon115.jpg</filename>
	<path>F:\Cartoon Object Detection\dataset_PASCAL VOC\cartoon115.jpg</path>
	<source>
		<database>Unknown</database>
	</source>
	<size>
		<width>290</width>
		<height>174</height>
		<depth>3</depth>
	</size>
	<segmented>0</segmented>
	<object>
		<name>mrbean</name>
		<pose>Unspecified</pose>
		<truncated>1</truncated>
		<difficult>0</difficult>
		<bndbox>
			<xmin>162</xmin>
			<ymin>27</ymin>
			<xmax>290</xmax>
			<ymax>168</ymax>
		</bndbox>
	</object>
</annotation>
