<annotation>
	<folder>dataset_PASCAL VOC</folder>
	<filename>cartoon162.jpg</filename>
	<path>F:\Cartoon Object Detection\dataset_PASCAL VOC\cartoon162.jpg</path>
	<source>
		<database>Unknown</database>
	</source>
	<size>
		<width>259</width>
		<height>194</height>
		<depth>3</depth>
	</size>
	<segmented>0</segmented>
	<object>
		<name>mrbean</name>
		<pose>Unspecified</pose>
		<truncated>0</truncated>
		<difficult>0</difficult>
		<bndbox>
			<xmin>168</xmin>
			<ymin>33</ymin>
			<xmax>238</xmax>
			<ymax>161</ymax>
		</bndbox>
	</object>
	<object>
		<name>mrbean</name>
		<pose>Unspecified</pose>
		<truncated>0</truncated>
		<difficult>0</difficult>
		<bndbox>
			<xmin>14</xmin>
			<ymin>24</ymin>
			<xmax>130</xmax>
			<ymax>169</ymax>
		</bndbox>
	</object>
</annotation>
