<annotation>
	<folder>dataset_PASCAL VOC</folder>
	<filename>cartoon102.jpg</filename>
	<path>F:\Cartoon Object Detection\dataset_PASCAL VOC\cartoon102.jpg</path>
	<source>
		<database>Unknown</database>
	</source>
	<size>
		<width>300</width>
		<height>168</height>
		<depth>3</depth>
	</size>
	<segmented>0</segmented>
	<object>
		<name>mrbean</name>
		<pose>Unspecified</pose>
		<truncated>1</truncated>
		<difficult>0</difficult>
		<bndbox>
			<xmin>76</xmin>
			<ymin>1</ymin>
			<xmax>250</xmax>
			<ymax>168</ymax>
		</bndbox>
	</object>
</annotation>
