<annotation>
	<folder>dataset_PASCAL VOC</folder>
	<filename>cartoon69.jpg</filename>
	<path>F:\Cartoon Object Detection\dataset_PASCAL VOC\cartoon69.jpg</path>
	<source>
		<database>Unknown</database>
	</source>
	<size>
		<width>182</width>
		<height>277</height>
		<depth>3</depth>
	</size>
	<segmented>0</segmented>
	<object>
		<name>scooby</name>
		<pose>Unspecified</pose>
		<truncated>1</truncated>
		<difficult>0</difficult>
		<bndbox>
			<xmin>20</xmin>
			<ymin>1</ymin>
			<xmax>172</xmax>
			<ymax>258</ymax>
		</bndbox>
	</object>
</annotation>
