<annotation>
	<folder>dataset_PASCAL VOC</folder>
	<filename>cartoon233.jpg</filename>
	<path>F:\Cartoon Object Detection\dataset_PASCAL VOC\cartoon233.jpg</path>
	<source>
		<database>Unknown</database>
	</source>
	<size>
		<width>262</width>
		<height>193</height>
		<depth>3</depth>
	</size>
	<segmented>0</segmented>
	<object>
		<name>mcqueen</name>
		<pose>Unspecified</pose>
		<truncated>0</truncated>
		<difficult>0</difficult>
		<bndbox>
			<xmin>26</xmin>
			<ymin>18</ymin>
			<xmax>233</xmax>
			<ymax>128</ymax>
		</bndbox>
	</object>
</annotation>
