<annotation>
	<folder>dataset_PASCAL VOC</folder>
	<filename>cartoon80.jpg</filename>
	<path>F:\Cartoon Object Detection\dataset_PASCAL VOC\cartoon80.jpg</path>
	<source>
		<database>Unknown</database>
	</source>
	<size>
		<width>196</width>
		<height>196</height>
		<depth>3</depth>
	</size>
	<segmented>0</segmented>
	<object>
		<name>scooby</name>
		<pose>Unspecified</pose>
		<truncated>0</truncated>
		<difficult>0</difficult>
		<bndbox>
			<xmin>49</xmin>
			<ymin>7</ymin>
			<xmax>143</xmax>
			<ymax>185</ymax>
		</bndbox>
	</object>
</annotation>
