<annotation>
	<folder>dataset_PASCAL VOC</folder>
	<filename>cartoon94.jpg</filename>
	<path>F:\Cartoon Object Detection\dataset_PASCAL VOC\cartoon94.jpg</path>
	<source>
		<database>Unknown</database>
	</source>
	<size>
		<width>259</width>
		<height>194</height>
		<depth>3</depth>
	</size>
	<segmented>0</segmented>
	<object>
		<name>mrbean</name>
		<pose>Unspecified</pose>
		<truncated>0</truncated>
		<difficult>0</difficult>
		<bndbox>
			<xmin>82</xmin>
			<ymin>47</ymin>
			<xmax>182</xmax>
			<ymax>169</ymax>
		</bndbox>
	</object>
</annotation>
