<annotation>
	<folder>dataset_PASCAL VOC</folder>
	<filename>cartoon77.jpg</filename>
	<path>F:\Cartoon Object Detection\dataset_PASCAL VOC\cartoon77.jpg</path>
	<source>
		<database>Unknown</database>
	</source>
	<size>
		<width>299</width>
		<height>169</height>
		<depth>3</depth>
	</size>
	<segmented>0</segmented>
	<object>
		<name>scooby</name>
		<pose>Unspecified</pose>
		<truncated>0</truncated>
		<difficult>0</difficult>
		<bndbox>
			<xmin>25</xmin>
			<ymin>7</ymin>
			<xmax>146</xmax>
			<ymax>163</ymax>
		</bndbox>
	</object>
</annotation>
