<annotation>
	<folder>dataset_PASCAL VOC</folder>
	<filename>cartoon138.jpg</filename>
	<path>F:\Cartoon Object Detection\dataset_PASCAL VOC\cartoon138.jpg</path>
	<source>
		<database>Unknown</database>
	</source>
	<size>
		<width>298</width>
		<height>169</height>
		<depth>3</depth>
	</size>
	<segmented>0</segmented>
	<object>
		<name>doraemon</name>
		<pose>Unspecified</pose>
		<truncated>1</truncated>
		<difficult>0</difficult>
		<bndbox>
			<xmin>20</xmin>
			<ymin>41</ymin>
			<xmax>160</xmax>
			<ymax>169</ymax>
		</bndbox>
	</object>
</annotation>
