<annotation>
	<folder>dataset_PASCAL VOC</folder>
	<filename>cartoon54.jpg</filename>
	<path>F:\Cartoon Object Detection\dataset_PASCAL VOC\cartoon54.jpg</path>
	<source>
		<database>Unknown</database>
	</source>
	<size>
		<width>257</width>
		<height>196</height>
		<depth>3</depth>
	</size>
	<segmented>0</segmented>
	<object>
		<name>scooby</name>
		<pose>Unspecified</pose>
		<truncated>0</truncated>
		<difficult>0</difficult>
		<bndbox>
			<xmin>35</xmin>
			<ymin>12</ymin>
			<xmax>221</xmax>
			<ymax>170</ymax>
		</bndbox>
	</object>
</annotation>
