<annotation>
	<folder>dataset_PASCAL VOC</folder>
	<filename>cartoon159.jpg</filename>
	<path>F:\Cartoon Object Detection\dataset_PASCAL VOC\cartoon159.jpg</path>
	<source>
		<database>Unknown</database>
	</source>
	<size>
		<width>308</width>
		<height>163</height>
		<depth>3</depth>
	</size>
	<segmented>0</segmented>
	<object>
		<name>doraemon</name>
		<pose>Unspecified</pose>
		<truncated>0</truncated>
		<difficult>0</difficult>
		<bndbox>
			<xmin>4</xmin>
			<ymin>20</ymin>
			<xmax>140</xmax>
			<ymax>161</ymax>
		</bndbox>
	</object>
</annotation>
