<annotation>
	<folder>dataset_PASCAL VOC</folder>
	<filename>cartoon36.jpg</filename>
	<path>F:\Cartoon Object Detection\dataset_PASCAL VOC\cartoon36.jpg</path>
	<source>
		<database>Unknown</database>
	</source>
	<size>
		<width>196</width>
		<height>166</height>
		<depth>3</depth>
	</size>
	<segmented>0</segmented>
	<object>
		<name>mickey</name>
		<pose>Unspecified</pose>
		<truncated>0</truncated>
		<difficult>0</difficult>
		<bndbox>
			<xmin>10</xmin>
			<ymin>6</ymin>
			<xmax>95</xmax>
			<ymax>164</ymax>
		</bndbox>
	</object>
</annotation>
