<annotation>
	<folder>dataset_PASCAL VOC</folder>
	<filename>cartoon61.jpg</filename>
	<path>F:\Cartoon Object Detection\dataset_PASCAL VOC\cartoon61.jpg</path>
	<source>
		<database>Unknown</database>
	</source>
	<size>
		<width>296</width>
		<height>170</height>
		<depth>3</depth>
	</size>
	<segmented>0</segmented>
	<object>
		<name>scooby</name>
		<pose>Unspecified</pose>
		<truncated>0</truncated>
		<difficult>0</difficult>
		<bndbox>
			<xmin>97</xmin>
			<ymin>8</ymin>
			<xmax>249</xmax>
			<ymax>154</ymax>
		</bndbox>
	</object>
</annotation>
