<annotation>
	<folder>dataset_PASCAL VOC</folder>
	<filename>cartoon134.jpg</filename>
	<path>F:\Cartoon Object Detection\dataset_PASCAL VOC\cartoon134.jpg</path>
	<source>
		<database>Unknown</database>
	</source>
	<size>
		<width>100</width>
		<height>100</height>
		<depth>3</depth>
	</size>
	<segmented>0</segmented>
	<object>
		<name>doraemon</name>
		<pose>Unspecified</pose>
		<truncated>0</truncated>
		<difficult>0</difficult>
		<bndbox>
			<xmin>20</xmin>
			<ymin>28</ymin>
			<xmax>74</xmax>
			<ymax>99</ymax>
		</bndbox>
	</object>
</annotation>
