<annotation>
	<folder>dataset_PASCAL VOC</folder>
	<filename>cartoon184.jpg</filename>
	<path>F:\Cartoon Object Detection\dataset_PASCAL VOC\cartoon184.jpg</path>
	<source>
		<database>Unknown</database>
	</source>
	<size>
		<width>281</width>
		<height>180</height>
		<depth>3</depth>
	</size>
	<segmented>0</segmented>
	<object>
		<name>mcqueen</name>
		<pose>Unspecified</pose>
		<truncated>1</truncated>
		<difficult>0</difficult>
		<bndbox>
			<xmin>1</xmin>
			<ymin>1</ymin>
			<xmax>280</xmax>
			<ymax>180</ymax>
		</bndbox>
	</object>
</annotation>
