<annotation>
	<folder>dataset_PASCAL VOC</folder>
	<filename>cartoon0.jpg</filename>
	<path>F:\Cartoon Object Detection\dataset_PASCAL VOC\cartoon0.jpg</path>
	<source>
		<database>Unknown</database>
	</source>
	<size>
		<width>273</width>
		<height>184</height>
		<depth>3</depth>
	</size>
	<segmented>0</segmented>
	<object>
		<name>mrbean</name>
		<pose>Unspecified</pose>
		<truncated>1</truncated>
		<difficult>0</difficult>
		<bndbox>
			<xmin>89</xmin>
			<ymin>1</ymin>
			<xmax>252</xmax>
			<ymax>184</ymax>
		</bndbox>
	</object>
</annotation>
