<annotation>
	<folder>dataset_PASCAL VOC</folder>
	<filename>cartoon195.jpg</filename>
	<path>F:\Cartoon Object Detection\dataset_PASCAL VOC\cartoon195.jpg</path>
	<source>
		<database>Unknown</database>
	</source>
	<size>
		<width>259</width>
		<height>194</height>
		<depth>3</depth>
	</size>
	<segmented>0</segmented>
	<object>
		<name>mrbean</name>
		<pose>Unspecified</pose>
		<truncated>0</truncated>
		<difficult>0</difficult>
		<bndbox>
			<xmin>76</xmin>
			<ymin>7</ymin>
			<xmax>183</xmax>
			<ymax>186</ymax>
		</bndbox>
	</object>
</annotation>
