<annotation>
	<folder>dataset_PASCAL VOC</folder>
	<filename>cartoon163.jpg</filename>
	<path>F:\Cartoon Object Detection\dataset_PASCAL VOC\cartoon163.jpg</path>
	<source>
		<database>Unknown</database>
	</source>
	<size>
		<width>225</width>
		<height>225</height>
		<depth>3</depth>
	</size>
	<segmented>0</segmented>
	<object>
		<name>doraemon</name>
		<pose>Unspecified</pose>
		<truncated>0</truncated>
		<difficult>0</difficult>
		<bndbox>
			<xmin>23</xmin>
			<ymin>9</ymin>
			<xmax>202</xmax>
			<ymax>217</ymax>
		</bndbox>
	</object>
</annotation>
