<annotation>
	<folder>dataset_PASCAL VOC</folder>
	<filename>cartoon56.jpg</filename>
	<path>F:\Cartoon Object Detection\dataset_PASCAL VOC\cartoon56.jpg</path>
	<source>
		<database>Unknown</database>
	</source>
	<size>
		<width>261</width>
		<height>193</height>
		<depth>3</depth>
	</size>
	<segmented>0</segmented>
	<object>
		<name>scooby</name>
		<pose>Unspecified</pose>
		<truncated>0</truncated>
		<difficult>0</difficult>
		<bndbox>
			<xmin>64</xmin>
			<ymin>2</ymin>
			<xmax>185</xmax>
			<ymax>159</ymax>
		</bndbox>
	</object>
</annotation>
