<annotation>
	<folder>dataset_PASCAL VOC</folder>
	<filename>cartoon185.jpg</filename>
	<path>F:\Cartoon Object Detection\dataset_PASCAL VOC\cartoon185.jpg</path>
	<source>
		<database>Unknown</database>
	</source>
	<size>
		<width>315</width>
		<height>160</height>
		<depth>3</depth>
	</size>
	<segmented>0</segmented>
	<object>
		<name>mcqueen</name>
		<pose>Unspecified</pose>
		<truncated>0</truncated>
		<difficult>0</difficult>
		<bndbox>
			<xmin>106</xmin>
			<ymin>77</ymin>
			<xmax>211</xmax>
			<ymax>140</ymax>
		</bndbox>
	</object>
</annotation>
