<annotation>
	<folder>dataset_PASCAL VOC</folder>
	<filename>cartoon217.jpg</filename>
	<path>F:\Cartoon Object Detection\dataset_PASCAL VOC\cartoon217.jpg</path>
	<source>
		<database>Unknown</database>
	</source>
	<size>
		<width>304</width>
		<height>166</height>
		<depth>3</depth>
	</size>
	<segmented>0</segmented>
	<object>
		<name>mcqueen</name>
		<pose>Unspecified</pose>
		<truncated>0</truncated>
		<difficult>0</difficult>
		<bndbox>
			<xmin>52</xmin>
			<ymin>7</ymin>
			<xmax>290</xmax>
			<ymax>147</ymax>
		</bndbox>
	</object>
</annotation>
