<annotation>
	<folder>dataset_PASCAL VOC</folder>
	<filename>cartoon177.jpg</filename>
	<path>F:\Cartoon Object Detection\dataset_PASCAL VOC\cartoon177.jpg</path>
	<source>
		<database>Unknown</database>
	</source>
	<size>
		<width>275</width>
		<height>183</height>
		<depth>3</depth>
	</size>
	<segmented>0</segmented>
	<object>
		<name>doraemon</name>
		<pose>Unspecified</pose>
		<truncated>1</truncated>
		<difficult>0</difficult>
		<bndbox>
			<xmin>68</xmin>
			<ymin>20</ymin>
			<xmax>204</xmax>
			<ymax>183</ymax>
		</bndbox>
	</object>
</annotation>
