<annotation>
	<folder>dataset_PASCAL VOC</folder>
	<filename>cartoon168.jpg</filename>
	<path>F:\Cartoon Object Detection\dataset_PASCAL VOC\cartoon168.jpg</path>
	<source>
		<database>Unknown</database>
	</source>
	<size>
		<width>225</width>
		<height>225</height>
		<depth>3</depth>
	</size>
	<segmented>0</segmented>
	<object>
		<name>mcqueen</name>
		<pose>Unspecified</pose>
		<truncated>0</truncated>
		<difficult>0</difficult>
		<bndbox>
			<xmin>7</xmin>
			<ymin>69</ymin>
			<xmax>220</xmax>
			<ymax>154</ymax>
		</bndbox>
	</object>
</annotation>
