<annotation>
	<folder>dataset_PASCAL VOC</folder>
	<filename>cartoon72.jpg</filename>
	<path>F:\Cartoon Object Detection\dataset_PASCAL VOC\cartoon72.jpg</path>
	<source>
		<database>Unknown</database>
	</source>
	<size>
		<width>197</width>
		<height>255</height>
		<depth>3</depth>
	</size>
	<segmented>0</segmented>
	<object>
		<name>scooby</name>
		<pose>Unspecified</pose>
		<truncated>0</truncated>
		<difficult>0</difficult>
		<bndbox>
			<xmin>30</xmin>
			<ymin>24</ymin>
			<xmax>163</xmax>
			<ymax>242</ymax>
		</bndbox>
	</object>
</annotation>
