<annotation>
	<folder>dataset_PASCAL VOC</folder>
	<filename>cartoon206.jpg</filename>
	<path>F:\Cartoon Object Detection\dataset_PASCAL VOC\cartoon206.jpg</path>
	<source>
		<database>Unknown</database>
	</source>
	<size>
		<width>270</width>
		<height>187</height>
		<depth>3</depth>
	</size>
	<segmented>0</segmented>
	<object>
		<name>mcqueen</name>
		<pose>Unspecified</pose>
		<truncated>1</truncated>
		<difficult>0</difficult>
		<bndbox>
			<xmin>3</xmin>
			<ymin>1</ymin>
			<xmax>267</xmax>
			<ymax>186</ymax>
		</bndbox>
	</object>
</annotation>
