<annotation>
	<folder>dataset_PASCAL VOC</folder>
	<filename>cartoon81.jpg</filename>
	<path>F:\Cartoon Object Detection\dataset_PASCAL VOC\cartoon81.jpg</path>
	<source>
		<database>Unknown</database>
	</source>
	<size>
		<width>290</width>
		<height>174</height>
		<depth>3</depth>
	</size>
	<segmented>0</segmented>
	<object>
		<name>scooby</name>
		<pose>Unspecified</pose>
		<truncated>1</truncated>
		<difficult>0</difficult>
		<bndbox>
			<xmin>42</xmin>
			<ymin>2</ymin>
			<xmax>176</xmax>
			<ymax>174</ymax>
		</bndbox>
	</object>
</annotation>
