<annotation>
	<folder>dataset_PASCAL VOC</folder>
	<filename>cartoon141.jpg</filename>
	<path>F:\Cartoon Object Detection\dataset_PASCAL VOC\cartoon141.jpg</path>
	<source>
		<database>Unknown</database>
	</source>
	<size>
		<width>268</width>
		<height>188</height>
		<depth>3</depth>
	</size>
	<segmented>0</segmented>
	<object>
		<name>doraemon</name>
		<pose>Unspecified</pose>
		<truncated>0</truncated>
		<difficult>0</difficult>
		<bndbox>
			<xmin>83</xmin>
			<ymin>21</ymin>
			<xmax>188</xmax>
			<ymax>153</ymax>
		</bndbox>
	</object>
</annotation>
