<annotation>
	<folder>dataset_PASCAL VOC</folder>
	<filename>cartoon38.jpg</filename>
	<path>F:\Cartoon Object Detection\dataset_PASCAL VOC\cartoon38.jpg</path>
	<source>
		<database>Unknown</database>
	</source>
	<size>
		<width>300</width>
		<height>168</height>
		<depth>3</depth>
	</size>
	<segmented>0</segmented>
	<object>
		<name>mrbean</name>
		<pose>Unspecified</pose>
		<truncated>0</truncated>
		<difficult>0</difficult>
		<bndbox>
			<xmin>44</xmin>
			<ymin>15</ymin>
			<xmax>179</xmax>
			<ymax>167</ymax>
		</bndbox>
	</object>
</annotation>
