<annotation>
	<folder>dataset_PASCAL VOC</folder>
	<filename>cartoon247.jpg</filename>
	<path>F:\Cartoon Object Detection\dataset_PASCAL VOC\cartoon247.jpg</path>
	<source>
		<database>Unknown</database>
	</source>
	<size>
		<width>290</width>
		<height>174</height>
		<depth>1</depth>
	</size>
	<segmented>0</segmented>
	<object>
		<name>mickey</name>
		<pose>Unspecified</pose>
		<truncated>1</truncated>
		<difficult>0</difficult>
		<bndbox>
			<xmin>65</xmin>
			<ymin>1</ymin>
			<xmax>219</xmax>
			<ymax>174</ymax>
		</bndbox>
	</object>
</annotation>
