<annotation>
	<folder>dataset_PASCAL VOC</folder>
	<filename>cartoon218.jpg</filename>
	<path>F:\Cartoon Object Detection\dataset_PASCAL VOC\cartoon218.jpg</path>
	<source>
		<database>Unknown</database>
	</source>
	<size>
		<width>348</width>
		<height>145</height>
		<depth>3</depth>
	</size>
	<segmented>0</segmented>
	<object>
		<name>mcqueen</name>
		<pose>Unspecified</pose>
		<truncated>0</truncated>
		<difficult>0</difficult>
		<bndbox>
			<xmin>93</xmin>
			<ymin>41</ymin>
			<xmax>234</xmax>
			<ymax>123</ymax>
		</bndbox>
	</object>
</annotation>
